{"code":"MESO","name":"Mesothelioma","group":"Thoracic","count":100,"unique":91,"safe":91,"classes":{"self_gene":30,"ERV":1,"variant":1,"nuORF":68},"genes":22,"totalSamples":7,"cols":["pep","gene","class","psm","score","abund","qval","tumorExp","normalExp","depmap","homo","unique","hlas","bind","atlas","ensg","nuorf","recurrence","totalSamples"],"rows":[["EIDKNDHLY","MAGED2","self_gene",3,148.0,0.9789,4.309788596237142e-10,190.0,333.36,0.118,null,1,["A*01:01"],[["A*01:01",0.013,48.1,"SB",2,0.5951,4,0.5]],[],"ENSG00000102316","",0.29,7],["KTTNVNKQL","CCNB2","self_gene",2,148.0,0.9748,1.0202552509948285e-08,26.61,13.41,-0.048,null,1,["B*57:01","C*06:02"],[["B*57:01",0.834,1564.9,"WB",1,0.9463,1,1.0],["C*06:02",1.239,9204.1,"WB",1,0.9856,2,0.5]],[],"ENSG00000157456","",0.14,7],["FQGKTPLRK","TPX2","self_gene",2,120.0,0.9613,0.0053226352888854,25.97,18.53,-1.255,null,1,["A*03:01"],[["A*03:01",0.881,2045.6,"WB",1,0.4197,2,0.5]],[],"ENSG00000088325","",0.14,7],["EVAQEVWQLLR","","nuORF",2,181.0,0.9578,1.2875464268381324e-61,null,null,null,null,1,["A*68:01"],[["A*68:01",0.109,41.3,"SB",1,null,2,0.5]],[],"","Out-of-Frame",0.14,7],["KVIHEQVNHRW","TOP2A","self_gene",3,97.0,0.9569,3.592758768254481e-05,25.42,20.5,-2.254,null,1,["B*57:01"],[["B*57:01",0.028,43.5,"SB",1,null,1,1.0]],[],"ENSG00000131747","",0.14,7],["IPSPIDTVFTR","PRG4","self_gene",1,110.0,0.9414,2.893483776500504e-15,157.93,60.51,-0.122,null,1,["A*68:01"],[["A*68:01",1.487,1559.9,"WB",1,null,2,0.5]],[],"ENSG00000116690","",0.14,7],["RIYQGSAQR","","nuORF",1,84.0,0.909,0.0145261765431958,null,null,null,null,1,["A*03:01"],[["A*03:01",0.023,37.2,"SB",1,0.7351,2,0.5]],[],"","5' uORF",0.14,7],["RTNNILLPR","","nuORF",3,99.0,0.8976,0.0070536581430669,null,null,null,null,1,["A*03:01"],[["A*03:01",0.099,67.1,"SB",2,0.9024,2,1.0]],[],"","Out-of-Frame",0.29,7],["EISPALRSPR","","nuORF",2,89.0,0.8932,0.0110727205684881,null,null,null,null,1,["A*68:01"],[["A*68:01",0.131,10.4,"SB",1,0.8742,2,0.5]],[],"","5' Overlap uORF",0.14,7],["KAHQVKNHMW","TOP2A","self_gene",2,109.0,0.8894,9.697124494993595e-07,25.42,20.5,-2.254,null,1,["B*57:01"],[["B*57:01",0.017,18.8,"SB",1,0.9275,1,1.0]],[],"ENSG00000131747","",0.14,7],["HVQEVTRQTPR","","nuORF",1,65.0,0.8822,0.0232046963300226,null,null,null,null,1,["A*68:01"],[["A*68:01",0.304,65.4,"SB",1,null,2,0.5]],[],"","Out-of-Frame",0.14,7],["LSIPKEFSIQK","GALNT14","variant",1,75.0,0.8777,0.0001851184642476,null,null,null,null,1,["A*03:01"],[["A*03:01",0.912,1108.4,"WB",1,null,2,0.5]],[],"ENSG00000158089","",0.14,7],["EVNKPGVYTR","TMPRSS3","self_gene",1,94.0,0.8766,0.0024545768660644,45.47,7.61,0.064,null,1,["A*68:01"],[["A*68:01",0.008,10.7,"SB",1,0.5629,2,0.5]],[],"ENSG00000160183","",0.14,7],["RVTSSLSGK","","nuORF",1,83.0,0.8709,0.0141331564770409,null,null,null,null,1,["A*03:01"],[["A*03:01",0.033,24.4,"SB",1,0.9177,2,0.5]],[],"","Out-of-Frame",0.14,7],["ILFPDIIARA","MAGEF1","self_gene",1,72.0,0.8646,0.0142190047356073,46.75,90.28,-0.038,null,1,["A*02:02"],[["A*02:02",0.243,19.6,"SB",1,0.7123,1,1.0]],[],"ENSG00000177383","",0.14,7],["RTIAQAGLSSK","","nuORF",1,150.0,0.8397,9.078688549800524e-33,null,null,null,null,1,["A*03:01"],[["A*03:01",0.069,41.6,"SB",1,null,2,0.5]],[],"","Out-of-Frame",0.14,7],["EVVSTSYRR","","nuORF",1,115.0,0.8385,0.0038857337633304,null,null,null,null,0,["A*68:01"],[["A*68:01",0.006,4.7,"SB",1,0.8694,2,0.5]],[],"","5' Overlap uORF",0.14,7],["EIWRPASGR","","nuORF",1,80.0,0.8265,0.0132860704681136,null,null,null,null,0,["A*68:01"],[["A*68:01",0.1,19.5,"SB",1,0.7968,2,0.5]],[],"","5' Overlap uORF",0.14,7],["DVHFIQMHR","","nuORF",3,88.0,0.8185,0.0137392509937656,null,null,null,null,1,["A*68:01"],[["A*68:01",0.008,5.3,"SB",1,0.6529,2,0.5]],[],"","Out-of-Frame",0.14,7],["KVLEKYWLYK","","nuORF",1,86.0,0.8082,0.0244278181605628,null,null,null,null,0,["A*03:01"],[["A*03:01",0.054,12.6,"SB",1,0.8867,2,0.5]],[],"","Out-of-Frame",0.14,7],["LRNEKEQEL","TOP2A","self_gene",2,95.0,0.808,0.0142399765326768,25.42,20.5,-2.254,null,1,["C*04:01","C*06:02"],[["C*04:01",1.133,22654.3,"WB",1,0.9561,2,0.5],["C*06:02",0.022,247.3,"SB",1,0.9519,2,0.5]],[],"ENSG00000131747","",0.14,7],["ATHHQPWAQK","","nuORF",1,52.0,0.8062,0.049671254432275,null,null,null,null,1,["A*03:01"],[["A*03:01",0.098,66.0,"SB",1,0.9866,2,0.5]],[],"","Out-of-Frame",0.14,7],["PSPIDTVFTR","PRG4","self_gene",1,75.0,0.8059,0.0306823691599633,157.93,60.51,-0.122,null,1,["A*68:01"],[["A*68:01",1.66,506.2,"WB",1,0.6718,2,0.5]],[],"ENSG00000116690","",0.14,7],["IHEQVNHRW","TOP2A","self_gene",1,69.0,0.7909,0.0214640019489594,25.42,20.5,-2.254,null,1,["B*57:01","C*04:01"],[["B*57:01",1.49,7559.1,"WB",1,0.8911,1,1.0],["C*04:01",1.418,23691.9,"WB",1,0.9806,2,0.5]],[],"ENSG00000131747","",0.14,7],["DIVALMVRR","TOP2A","self_gene",1,85.0,0.7907,0.0148715162377526,25.42,20.5,-2.254,null,1,["A*68:01"],[["A*68:01",0.078,12.8,"SB",1,0.9851,2,0.5]],[],"ENSG00000131747","",0.14,7],["SSSVVIYRR","","nuORF",2,98.0,0.7882,0.013970538483135,null,null,null,null,1,["A*68:01"],[["A*68:01",0.081,9.3,"SB",1,0.92,2,0.5]],[],"","Out-of-Frame",0.14,7],["EIFGPVQEILR","ALDH1A2","self_gene",1,64.0,0.7836,0.018782407864456,216.69,50.69,-0.046,null,1,["A*68:01"],[["A*68:01",0.013,15.1,"SB",1,null,2,0.5]],[],"ENSG00000128918","",0.14,7],["MIYQTWLKNLK","","nuORF",2,98.0,0.7694,1.0402361856264229e-07,null,null,null,null,1,["A*03:01"],[["A*03:01",0.567,56.3,"WB",1,null,2,0.5]],[],"","5' Overlap uORF",0.14,7],["TSSLTSSKKQW","","nuORF",1,70.0,0.7657,0.0129435533044906,null,null,null,null,1,["B*57:01"],[["B*57:01",0.128,141.6,"SB",1,null,1,1.0]],[],"","Out-of-Frame",0.14,7],["SPIDTVFTR","PRG4","self_gene",1,64.0,0.7647,0.0241004977500266,157.93,60.51,-0.122,null,1,["A*68:01"],[["A*68:01",0.245,128.3,"SB",1,0.8096,2,0.5]],[],"ENSG00000116690","",0.14,7],["ITDEFVKQKY","TRO/MAGED2","self_gene",1,92.0,0.7507,0.0086968942917262,11.37,34.85,null,0.894,0,["A*01:01"],[["A*01:01",0.006,20.4,"SB",1,0.4878,4,0.25]],[],"ENSG00000067445","",0.14,7],["ATHPVIHPK","","nuORF",1,64.0,0.7436,0.0311121510303752,null,null,null,null,1,["A*03:01","C*07:01"],[["A*03:01",0.01,38.2,"SB",1,0.9783,2,0.5],["C*07:01",1.752,11160.1,"WB",1,0.9774,4,0.25]],[],"","3' dORF",0.14,7],["RIYFQEQEK","","nuORF",1,107.0,0.7431,4.879351612236158e-05,null,null,null,null,1,["A*03:01"],[["A*03:01",0.034,26.9,"SB",1,0.4544,2,0.5]],[],"","Out-of-Frame",0.14,7],["AVAAAGRALR","","nuORF",1,73.0,0.7426,0.0134549992821725,null,null,null,null,1,["A*68:01"],[["A*68:01",0.665,32.5,"WB",1,0.7433,2,0.5]],[],"","5' uORF",0.14,7],["VVAVVRGLR","","nuORF",1,77.0,0.7417,0.0141846728269504,null,null,null,null,1,["A*68:01"],[["A*68:01",0.432,11.9,"SB",1,0.6281,2,0.5]],[],"","5' uORF",0.14,7],["RLNSKYLKK","","nuORF",2,67.0,0.7303,0.0241004977500266,null,null,null,null,1,["A*03:01"],[["A*03:01",0.004,9.4,"SB",2,0.6975,2,1.0]],[],"","Other",0.29,7],["AAFDGRHSQTL","PRAME","self_gene",1,89.0,0.7289,5.251759907053571e-06,0.1,0.88,-0.018,null,1,["B*07:02","C*12:03"],[["B*07:02",1.088,4673.6,"WB",1,null,3,0.3333],["C*12:03",0.285,581.9,"SB",1,null,1,1.0]],[],"ENSG00000185686","",0.14,7],["VIHEQVNHRW","TOP2A","self_gene",1,22.0,0.7187,0.4632424900723765,25.42,20.5,-2.254,null,1,["B*57:01"],[["B*57:01",0.237,354.8,"SB",1,0.9365,1,1.0]],[],"ENSG00000131747","",0.14,7],["RLDIPRKDR","","nuORF",1,54.0,0.7166,0.0527538822220544,null,null,null,null,1,["A*03:01"],[["A*03:01",1.537,3591.1,"WB",1,0.5471,2,0.5]],[],"","5' uORF",0.14,7],["KVQKKDPKEW","MAGED2","self_gene",1,45.0,0.7166,0.1079911530803335,190.0,333.36,0.118,null,1,["B*57:01"],[["B*57:01",0.183,477.9,"SB",1,0.8512,1,1.0]],[],"ENSG00000102316","",0.14,7],["FVSVVQKRR","","nuORF",1,72.0,0.711,0.0173418259411135,null,null,null,null,1,["A*68:01"],[["A*68:01",0.206,17.1,"SB",1,0.7542,2,0.5]],[],"","lncRNA",0.14,7],["RLAEKLHER","","nuORF",1,78.0,0.7026,0.0133880960608245,null,null,null,null,1,["A*02:05","A*03:01","C*07:01"],[["A*02:05",1.62,2503.1,"WB",1,0.8761,1,1.0],["A*03:01",0.208,360.6,"SB",1,0.6609,2,0.5],["C*07:01",1.805,14124.9,"WB",1,0.8394,4,0.25]],[],